/*
SQLyog Ultimate v11.11 (64 bit)
MySQL - 5.5.24-log : Database - feimao
*********************************************************************
*/

/*!40101 SET NAMES utf8 */;

/*!40101 SET SQL_MODE=''*/;

/*!40014 SET @OLD_UNIQUE_CHECKS=@@UNIQUE_CHECKS, UNIQUE_CHECKS=0 */;
/*!40014 SET @OLD_FOREIGN_KEY_CHECKS=@@FOREIGN_KEY_CHECKS, FOREIGN_KEY_CHECKS=0 */;
/*!40101 SET @OLD_SQL_MODE=@@SQL_MODE, SQL_MODE='NO_AUTO_VALUE_ON_ZERO' */;
/*!40111 SET @OLD_SQL_NOTES=@@SQL_NOTES, SQL_NOTES=0 */;
CREATE DATABASE /*!32312 IF NOT EXISTS*/`feimao` /*!40100 DEFAULT CHARACTER SET utf8 */;

USE `feimao`;

/*Table structure for table `fm_information` */

DROP TABLE IF EXISTS `fm_information`;

CREATE TABLE `fm_information` (
  `information_id` int(11) NOT NULL AUTO_INCREMENT,
  `bottom` int(1) NOT NULL DEFAULT '0',
  `sort_order` int(3) NOT NULL DEFAULT '0',
  `status` tinyint(1) NOT NULL DEFAULT '1',
  PRIMARY KEY (`information_id`)
) ENGINE=MyISAM AUTO_INCREMENT=13 DEFAULT CHARSET=utf8;

/*Data for the table `fm_information` */

insert  into `fm_information`(`information_id`,`bottom`,`sort_order`,`status`) values (3,1,3,1),(4,1,1,1),(5,1,4,1),(6,1,2,1),(7,0,2,1),(8,0,2,1),(9,0,3,1),(10,0,0,1),(11,0,4,1),(12,0,4,1);

/*Table structure for table `fm_information_description` */

DROP TABLE IF EXISTS `fm_information_description`;

CREATE TABLE `fm_information_description` (
  `information_id` int(11) NOT NULL,
  `language_id` int(11) NOT NULL,
  `title` varchar(64) NOT NULL,
  `description` text NOT NULL,
  PRIMARY KEY (`information_id`,`language_id`)
) ENGINE=MyISAM DEFAULT CHARSET=utf8;

/*Data for the table `fm_information_description` */

insert  into `fm_information_description`(`information_id`,`language_id`,`title`,`description`) values (4,1,'About Us','&lt;p&gt;About Us&lt;/p&gt;\r\n'),(9,1,'college','&lt;h1 style=&quot;margin: 0px; padding: 10px 0px 5px; font-size: 18px; line-height: normal; border-bottom-style: solid; border-bottom-width: 1px; border-bottom-color: rgb(255, 138, 0); color: rgb(255, 138, 0); font-weight: bold; font-family: 微软雅黑;&quot;&gt;招生简章&lt;/h1&gt;\r\n'),(5,1,'Terms &amp; Conditions','&lt;p&gt;\r\n	Terms &amp;amp; Conditions&lt;/p&gt;\r\n'),(3,1,'Privacy Policy','&lt;p&gt;\r\n	Privacy Policy&lt;/p&gt;\r\n'),(6,1,'Delivery Information','&lt;p&gt;\r\n	Delivery Information&lt;/p&gt;\r\n'),(5,2,'Terms &amp; Conditions','&lt;p&gt;\r\n	Terms &amp;amp; Conditions&lt;/p&gt;\r\n'),(3,2,'Privacy Policy','&lt;p&gt;\r\n	Privacy Policy&lt;/p&gt;\r\n'),(6,2,'Delivery Information','&lt;p&gt;\r\n	Delivery Information&lt;/p&gt;\r\n'),(7,2,'打印机展厅','&lt;div class=&quot;jvf_fl jvf_help&quot; style=&quot;margin: 0px 0px 0px 20px; padding: 0px; float: left; width: 242px; color: rgb(0, 0, 0); font-family: Arial, sans-serif; line-height: normal;&quot;&gt;\r\n&lt;div style=&quot;margin: 20px 0px 0px; padding: 0px; float: left; width: 242px;&quot;&gt;&lt;img src=&quot;http://www.feimao3d.com/Index/Tpl/default/public/images/login_left.jpg&quot; style=&quot;border: none;&quot; /&gt;&lt;/div&gt;\r\n\r\n&lt;div style=&quot;margin: 0px; padding: 0px; clear: both; height: 40px;&quot;&gt;&amp;nbsp;&lt;/div&gt;\r\n\r\n&lt;div style=&quot;margin: 0px 0px 0px 40px; padding: 0px; width: 242px; clear: both;&quot;&gt;\r\n&lt;ul class=&quot;articles_ul&quot; style=&quot;margin: 0px; padding-right: 0px; padding-left: 0px; list-style: none; width: 127px;&quot;&gt;\r\n	&lt;li style=&quot;margin: 0px; padding: 0px 0px 0px 10px; width: 137px; border-bottom-style: dashed; border-bottom-width: 1px; border-bottom-color: rgb(0, 0, 0); height: 40px; line-height: 50px; overflow: hidden; background-image: none !important;&quot;&gt;&lt;a style=&quot;color: rgb(0, 0, 0); text-decoration: none; font-size: 16px; font-family: 微软雅黑;&quot;&gt;民用打印机&lt;/a&gt;&lt;/li&gt;\r\n	&lt;li style=&quot;margin: 0px; padding: 0px 0px 0px 10px; width: 137px; border-bottom-style: dashed; border-bottom-width: 1px; border-bottom-color: rgb(0, 0, 0); height: 40px; line-height: 50px; overflow: hidden; background-image: none !important;&quot;&gt;&lt;a style=&quot;color: rgb(0, 0, 0); text-decoration: none; font-size: 16px; font-family: 微软雅黑;&quot;&gt;工用打印机&lt;/a&gt;&lt;/li&gt;\r\n&lt;/ul&gt;\r\n\r\n&lt;ul class=&quot;category_ul&quot; style=&quot;margin: 0px; padding-right: 0px; padding-left: 0px; list-style: none; width: 127px;&quot;&gt;\r\n&lt;/ul&gt;\r\n&lt;/div&gt;\r\n\r\n&lt;div style=&quot;margin: 0px; padding: 0px; height: 300px;&quot;&gt;&amp;nbsp;&lt;/div&gt;\r\n&lt;/div&gt;\r\n\r\n&lt;div class=&quot;jvf_fr help_con&quot; style=&quot;margin: 0px; padding: 0px; float: left; width: 690px; color: rgb(0, 0, 0); font-family: Arial, sans-serif; line-height: normal;&quot;&gt;\r\n&lt;h1 style=&quot;margin: 0px; padding: 10px 0px 5px; font-size: 18px; border-bottom-style: solid; border-bottom-width: 1px; border-bottom-color: rgb(255, 138, 0); color: rgb(255, 138, 0); font-weight: bold; font-family: 微软雅黑;&quot;&gt;民用打印机&lt;/h1&gt;\r\n\r\n&lt;div class=&quot;article&quot; style=&quot;margin: 0px auto; padding: 10px 0px 15px; line-height: 30px; font-family: 微软雅黑; letter-spacing: 3px;&quot;&gt;\r\n&lt;div style=&quot;margin: 0px; padding: 0px;&quot;&gt;&lt;img alt=&quot;/&quot; border=&quot;5&quot; height=&quot;300&quot; hspace=&quot;10&quot; src=&quot;http://www.feimao3d.com/Public/upload/img/attachment/53465863aba95.jpg&quot; style=&quot;border: none; max-width: 745px;&quot; vspace=&quot;10&quot; width=&quot;300&quot; /&gt;&amp;nbsp;&amp;nbsp;&amp;nbsp;&amp;nbsp;&amp;nbsp;&amp;nbsp;&amp;nbsp;&lt;img alt=&quot;/&quot; border=&quot;5&quot; height=&quot;300&quot; hspace=&quot;10&quot; src=&quot;http://www.feimao3d.com/Public/upload/img/attachment/53465891d59f8.jpg&quot; style=&quot;border: none; max-width: 745px;&quot; vspace=&quot;10&quot; width=&quot;300&quot; /&gt;&lt;br /&gt;\r\n&amp;nbsp; &amp;nbsp; &amp;nbsp;&amp;nbsp; Makerbot Replicator Mini&amp;nbsp;&amp;nbsp;&amp;nbsp;&amp;nbsp;&amp;nbsp;&amp;nbsp;&amp;nbsp;&amp;nbsp;&amp;nbsp;&amp;nbsp; &amp;nbsp; &amp;nbsp;&amp;nbsp;&amp;nbsp;&amp;nbsp;&amp;nbsp;&amp;nbsp; &amp;nbsp; &amp;nbsp; Makerbot Replicator 第五代&lt;/div&gt;\r\n\r\n&lt;div style=&quot;margin: 0px; padding: 0px;&quot;&gt;&lt;img alt=&quot;/&quot; border=&quot;5&quot; height=&quot;300&quot; hspace=&quot;10&quot; src=&quot;http://www.feimao3d.com/Public/upload/img/attachment/5346618e16e36.jpg&quot; style=&quot;border: none; max-width: 745px;&quot; vspace=&quot;10&quot; width=&quot;300&quot; /&gt;&amp;nbsp;&amp;nbsp;&amp;nbsp;&amp;nbsp;&amp;nbsp;&amp;nbsp;&amp;nbsp;&lt;img alt=&quot;/&quot; border=&quot;5&quot; height=&quot;300&quot; hspace=&quot;10&quot; src=&quot;http://www.feimao3d.com/Public/upload/img/attachment/53466198d1cef.jpg&quot; style=&quot;border: none; max-width: 745px;&quot; vspace=&quot;10&quot; width=&quot;300&quot; /&gt;&lt;br /&gt;\r\n&amp;nbsp; &amp;nbsp; &amp;nbsp;&amp;nbsp; Makerbot Replicator&amp;nbsp; Z18 &amp;nbsp;&amp;nbsp;&amp;nbsp;&amp;nbsp;&amp;nbsp;&amp;nbsp;&amp;nbsp;&amp;nbsp; &amp;nbsp; &amp;nbsp;&amp;nbsp;&amp;nbsp;&amp;nbsp;&amp;nbsp;&amp;nbsp; &amp;nbsp; &amp;nbsp; Makerbot Replicator 2X&lt;/div&gt;\r\n\r\n&lt;div style=&quot;margin: 0px; padding: 0px;&quot;&gt;&lt;img alt=&quot;/&quot; border=&quot;5&quot; height=&quot;300&quot; hspace=&quot;10&quot; src=&quot;http://www.feimao3d.com/Public/upload/img/attachment/534662cd07a12.jpg&quot; style=&quot;border: none; max-width: 745px;&quot; vspace=&quot;10&quot; width=&quot;300&quot; /&gt;&amp;nbsp;&amp;nbsp;&amp;nbsp;&amp;nbsp;&amp;nbsp;&amp;nbsp;&amp;nbsp;&lt;img alt=&quot;/&quot; border=&quot;5&quot; height=&quot;300&quot; hspace=&quot;10&quot; src=&quot;http://www.feimao3d.com/Public/upload/img/attachment/534662d7af79e.jpg&quot; style=&quot;border: none; max-width: 745px;&quot; vspace=&quot;10&quot; width=&quot;300&quot; /&gt;&lt;br /&gt;\r\n&amp;nbsp; &amp;nbsp; &amp;nbsp;&amp;nbsp; Makerbot Replicator&amp;nbsp; R2 &amp;nbsp;&amp;nbsp;&amp;nbsp;&amp;nbsp;&amp;nbsp;&amp;nbsp;&amp;nbsp;&amp;nbsp; &amp;nbsp; &amp;nbsp;&amp;nbsp;&amp;nbsp;&amp;nbsp;&amp;nbsp;&amp;nbsp; &amp;nbsp; &amp;nbsp;&amp;nbsp; Makerbot 3D扫描仪&lt;/div&gt;\r\n&lt;/div&gt;\r\n&lt;/div&gt;\r\n'),(7,1,'hall','&lt;div class=&quot;jvf_fl jvf_help&quot; style=&quot;margin: 0px 0px 0px 20px; padding: 0px; float: left; width: 242px; color: rgb(0, 0, 0); font-family: Arial, sans-serif; line-height: normal;&quot;&gt;\r\n&lt;div style=&quot;margin: 20px 0px 0px; padding: 0px; float: left; width: 242px;&quot;&gt;&lt;img src=&quot;http://www.feimao3d.com/Index/Tpl/default/public/images/login_left.jpg&quot; style=&quot;border: none;&quot; /&gt;&lt;/div&gt;\r\n\r\n&lt;div style=&quot;margin: 0px; padding: 0px; clear: both; height: 40px;&quot;&gt;&amp;nbsp;&lt;/div&gt;\r\n\r\n&lt;div style=&quot;margin: 0px 0px 0px 40px; padding: 0px; width: 242px; clear: both;&quot;&gt;\r\n&lt;ul class=&quot;articles_ul&quot; style=&quot;margin: 0px; padding-right: 0px; padding-left: 0px; list-style: none; width: 127px;&quot;&gt;\r\n	&lt;li style=&quot;margin: 0px; padding: 0px 0px 0px 10px; width: 137px; border-bottom-style: dashed; border-bottom-width: 1px; border-bottom-color: rgb(0, 0, 0); height: 40px; line-height: 50px; overflow: hidden; background-image: none !important;&quot;&gt;&lt;a style=&quot;color: rgb(0, 0, 0); text-decoration: none; font-size: 16px; font-family: 微软雅黑;&quot;&gt;民用打印机&lt;/a&gt;&lt;/li&gt;\r\n	&lt;li style=&quot;margin: 0px; padding: 0px 0px 0px 10px; width: 137px; border-bottom-style: dashed; border-bottom-width: 1px; border-bottom-color: rgb(0, 0, 0); height: 40px; line-height: 50px; overflow: hidden; background-image: none !important;&quot;&gt;&lt;a style=&quot;color: rgb(0, 0, 0); text-decoration: none; font-size: 16px; font-family: 微软雅黑;&quot;&gt;工用打印机&lt;/a&gt;&lt;/li&gt;\r\n&lt;/ul&gt;\r\n\r\n&lt;ul class=&quot;category_ul&quot; style=&quot;margin: 0px; padding-right: 0px; padding-left: 0px; list-style: none; width: 127px;&quot;&gt;\r\n&lt;/ul&gt;\r\n&lt;/div&gt;\r\n\r\n&lt;div style=&quot;margin: 0px; padding: 0px; height: 300px;&quot;&gt;&amp;nbsp;&lt;/div&gt;\r\n&lt;/div&gt;\r\n\r\n&lt;div class=&quot;jvf_fr help_con&quot; style=&quot;margin: 0px; padding: 0px; float: left; width: 690px; color: rgb(0, 0, 0); font-family: Arial, sans-serif; line-height: normal;&quot;&gt;\r\n&lt;h1 style=&quot;margin: 0px; padding: 10px 0px 5px; font-size: 18px; border-bottom-style: solid; border-bottom-width: 1px; border-bottom-color: rgb(255, 138, 0); color: rgb(255, 138, 0); font-weight: bold; font-family: 微软雅黑;&quot;&gt;民用打印机&lt;/h1&gt;\r\n\r\n&lt;div class=&quot;article&quot; style=&quot;margin: 0px auto; padding: 10px 0px 15px; line-height: 30px; font-family: 微软雅黑; letter-spacing: 3px;&quot;&gt;\r\n&lt;div style=&quot;margin: 0px; padding: 0px;&quot;&gt;&lt;img alt=&quot;/&quot; border=&quot;5&quot; height=&quot;300&quot; hspace=&quot;10&quot; src=&quot;http://www.feimao3d.com/Public/upload/img/attachment/53465863aba95.jpg&quot; style=&quot;border: none; max-width: 745px;&quot; vspace=&quot;10&quot; width=&quot;300&quot; /&gt;&amp;nbsp;&amp;nbsp;&amp;nbsp;&amp;nbsp;&amp;nbsp;&amp;nbsp;&amp;nbsp;&lt;img alt=&quot;/&quot; border=&quot;5&quot; height=&quot;300&quot; hspace=&quot;10&quot; src=&quot;http://www.feimao3d.com/Public/upload/img/attachment/53465891d59f8.jpg&quot; style=&quot;border: none; max-width: 745px;&quot; vspace=&quot;10&quot; width=&quot;300&quot; /&gt;&lt;br /&gt;\r\n&amp;nbsp; &amp;nbsp; &amp;nbsp;&amp;nbsp; Makerbot Replicator Mini&amp;nbsp;&amp;nbsp;&amp;nbsp;&amp;nbsp;&amp;nbsp;&amp;nbsp;&amp;nbsp;&amp;nbsp;&amp;nbsp;&amp;nbsp; &amp;nbsp; &amp;nbsp;&amp;nbsp;&amp;nbsp;&amp;nbsp;&amp;nbsp;&amp;nbsp; &amp;nbsp; &amp;nbsp; Makerbot Replicator 第五代&lt;/div&gt;\r\n\r\n&lt;div style=&quot;margin: 0px; padding: 0px;&quot;&gt;&lt;img alt=&quot;/&quot; border=&quot;5&quot; height=&quot;300&quot; hspace=&quot;10&quot; src=&quot;http://www.feimao3d.com/Public/upload/img/attachment/5346618e16e36.jpg&quot; style=&quot;border: none; max-width: 745px;&quot; vspace=&quot;10&quot; width=&quot;300&quot; /&gt;&amp;nbsp;&amp;nbsp;&amp;nbsp;&amp;nbsp;&amp;nbsp;&amp;nbsp;&amp;nbsp;&lt;img alt=&quot;/&quot; border=&quot;5&quot; height=&quot;300&quot; hspace=&quot;10&quot; src=&quot;http://www.feimao3d.com/Public/upload/img/attachment/53466198d1cef.jpg&quot; style=&quot;border: none; max-width: 745px;&quot; vspace=&quot;10&quot; width=&quot;300&quot; /&gt;&lt;br /&gt;\r\n&amp;nbsp; &amp;nbsp; &amp;nbsp;&amp;nbsp; Makerbot Replicator&amp;nbsp; Z18 &amp;nbsp;&amp;nbsp;&amp;nbsp;&amp;nbsp;&amp;nbsp;&amp;nbsp;&amp;nbsp;&amp;nbsp; &amp;nbsp; &amp;nbsp;&amp;nbsp;&amp;nbsp;&amp;nbsp;&amp;nbsp;&amp;nbsp; &amp;nbsp; &amp;nbsp; Makerbot Replicator 2X&lt;/div&gt;\r\n\r\n&lt;div style=&quot;margin: 0px; padding: 0px;&quot;&gt;&lt;img alt=&quot;/&quot; border=&quot;5&quot; height=&quot;300&quot; hspace=&quot;10&quot; src=&quot;http://www.feimao3d.com/Public/upload/img/attachment/534662cd07a12.jpg&quot; style=&quot;border: none; max-width: 745px;&quot; vspace=&quot;10&quot; width=&quot;300&quot; /&gt;&amp;nbsp;&amp;nbsp;&amp;nbsp;&amp;nbsp;&amp;nbsp;&amp;nbsp;&amp;nbsp;&lt;img alt=&quot;/&quot; border=&quot;5&quot; height=&quot;300&quot; hspace=&quot;10&quot; src=&quot;http://www.feimao3d.com/Public/upload/img/attachment/534662d7af79e.jpg&quot; style=&quot;border: none; max-width: 745px;&quot; vspace=&quot;10&quot; width=&quot;300&quot; /&gt;&lt;br /&gt;\r\n&amp;nbsp; &amp;nbsp; &amp;nbsp;&amp;nbsp; Makerbot Replicator&amp;nbsp; R2 &amp;nbsp;&amp;nbsp;&amp;nbsp;&amp;nbsp;&amp;nbsp;&amp;nbsp;&amp;nbsp;&amp;nbsp; &amp;nbsp; &amp;nbsp;&amp;nbsp;&amp;nbsp;&amp;nbsp;&amp;nbsp;&amp;nbsp; &amp;nbsp; &amp;nbsp;&amp;nbsp; Makerbot 3D扫描仪&lt;/div&gt;\r\n&lt;/div&gt;\r\n&lt;/div&gt;\r\n'),(10,2,'分支机构','&lt;div&gt;&amp;nbsp;&lt;/div&gt;\r\n\r\n&lt;div&gt;\r\n    &lt;div class=&quot;jvf_fl jvf_help&quot; style=&quot;margin: 0px 0px 0px 20px; padding: 0px; float: left; width: 242px; color: rgb(0, 0, 0); font-family: Arial, sans-serif; line-height: normal;&quot;&gt;\r\n        &lt;div style=&quot;margin: 0px 0px 0px 40px; padding: 0px; width: 242px; clear: both;&quot;&gt;\r\n            &lt;ul class=&quot;articles_ul&quot; style=&quot;margin: 0px; padding-right: 0px; padding-left: 0px; list-style: none; width: 127px;&quot;&gt;\r\n                &lt;li style=&quot;margin: 0px; padding: 0px 0px 0px 10px; width: 137px; border-bottom-style: dashed; border-bottom-width: 1px; border-bottom-color: rgb(0, 0, 0); height: 40px; line-height: 50px; overflow: hidden; background-image: none !important;&quot;&gt;&lt;a style=&quot;color: rgb(0, 0, 0); text-decoration: none; font-size: 16px; font-family: 微软雅黑;&quot;&gt;公司背景&lt;/a&gt;&lt;/li&gt;\r\n                &lt;li style=&quot;margin: 0px; padding: 0px 0px 0px 10px; width: 137px; border-bottom-style: dashed; border-bottom-width: 1px; border-bottom-color: rgb(0, 0, 0); height: 40px; line-height: 50px; overflow: hidden; background-image: none !important;&quot;&gt;&lt;a style=&quot;color: rgb(0, 0, 0); text-decoration: none; font-size: 16px; font-family: 微软雅黑;&quot;&gt;企业文化&lt;/a&gt;&lt;/li&gt;\r\n                &lt;li style=&quot;margin: 0px; padding: 0px 0px 0px 10px; width: 137px; border-bottom-style: dashed; border-bottom-width: 1px; border-bottom-color: rgb(0, 0, 0); height: 40px; line-height: 50px; overflow: hidden; background-image: none !important;&quot;&gt;&lt;a style=&quot;color: rgb(0, 0, 0); text-decoration: none; font-size: 16px; font-family: 微软雅黑;&quot;&gt;组织架构&lt;/a&gt;&lt;/li&gt;\r\n                &lt;li style=&quot;margin: 0px; padding: 0px 0px 0px 10px; width: 137px; border-bottom-style: dashed; border-bottom-width: 1px; border-bottom-color: rgb(0, 0, 0); height: 40px; line-height: 50px; overflow: hidden; background-image: none !important;&quot;&gt;&lt;a style=&quot;color: rgb(0, 0, 0); text-decoration: none; font-size: 16px; font-family: 微软雅黑;&quot;&gt;总裁致辞&lt;/a&gt;&lt;/li&gt;\r\n            &lt;/ul&gt;\r\n\r\n            &lt;ul class=&quot;category_ul&quot; style=&quot;margin: 0px; padding-right: 0px; padding-left: 0px; list-style: none; width: 127px;&quot;&gt;\r\n                &lt;li id=&quot;ss_20&quot; style=&quot;margin: 0px; padding: 0px 0px 0px 10px; width: 137px; border-bottom-style: dashed; border-bottom-width: 1px; border-bottom-color: rgb(0, 0, 0); height: 40px; line-height: 50px; background-image: url(http://www.feimao3d.com/Index/Tpl/default/public/images/about_li.jpg); background-position: initial initial; background-repeat: initial initial;&quot;&gt;&lt;a style=&quot;color: rgb(0, 0, 0); font-size: 16px; font-family: 微软雅黑;&quot;&gt;新闻中心&lt;/a&gt;&lt;/li&gt;\r\n            &lt;/ul&gt;\r\n        &lt;/div&gt;\r\n\r\n        &lt;div style=&quot;margin: 0px; padding: 0px; height: 300px;&quot;&gt;&amp;nbsp;&lt;/div&gt;\r\n    &lt;/div&gt;\r\n\r\n    &lt;div class=&quot;jvf_fr help_con&quot; style=&quot;margin: 0px; padding: 0px; float: left; width: 690px; color: rgb(0, 0, 0); font-family: Arial, sans-serif; line-height: normal;&quot;&gt;\r\n\r\n        &lt;h1 style=&quot;margin: 0px; padding: 10px 0px 5px; font-size: 18px; border-bottom-style: solid;\r\n         border-bottom-width: 1px; border-bottom-color: rgb(255, 138, 0); color: rgb(255, 138, 0); font-weight: bold; font-family: 微软雅黑;&quot;&gt;分支机构&lt;/h1&gt;\r\n\r\n        &lt;div class=&quot;article&quot; style=&quot;font-family:\'微软雅黑\'; line-height:30px; letter-spacing:3px;&quot;&gt;&lt;p&gt;肥猫3D网面向全国承揽3D打印加工业务，需要在全国各地设立分支机构，负责协调当地委托加工业务，及时处理工作中出现各种问题和售后服务，并且负责当地的市场宣传和推广工作，以及连锁加盟工作室的协调工作。有意开办分支机构的单位和个人，请与本公司项目部联系。详情可致电：&amp;nbsp;&amp;nbsp;&amp;nbsp;&amp;nbsp;&amp;nbsp;&amp;nbsp;&amp;nbsp;&amp;nbsp;QQ：&amp;nbsp;&amp;nbsp;&amp;nbsp;&amp;nbsp;&amp;nbsp;&amp;nbsp;&amp;nbsp;联系人：&lt;/p&gt;&lt;/div&gt;\r\n    &lt;/div&gt;\r\n&lt;/div&gt;\r\n'),(11,2,'客服中心','&lt;div&gt;&amp;nbsp;&lt;/div&gt;\r\n\r\n&lt;div&gt;\r\n    &lt;div class=&quot;jvf_fl jvf_help&quot; style=&quot;margin: 0px 0px 0px 20px; padding: 0px; float: left; width: 242px; color: rgb(0, 0, 0); font-family: Arial, sans-serif; line-height: normal;&quot;&gt;\r\n        &lt;div style=&quot;margin: 0px 0px 0px 40px; padding: 0px; width: 242px; clear: both;&quot;&gt;\r\n            &lt;ul class=&quot;articles_ul&quot; style=&quot;margin: 0px; padding-right: 0px; padding-left: 0px; list-style: none; width: 127px;&quot;&gt;\r\n                &lt;li style=&quot;margin: 0px; padding: 0px 0px 0px 10px; width: 137px; border-bottom-style: dashed; border-bottom-width: 1px; border-bottom-color: rgb(0, 0, 0); height: 40px; line-height: 50px; overflow: hidden; background-image: none !important;&quot;&gt;&lt;a style=&quot;color: rgb(0, 0, 0); text-decoration: none; font-size: 16px; font-family: 微软雅黑;&quot;&gt;公司背景&lt;/a&gt;&lt;/li&gt;\r\n                &lt;li style=&quot;margin: 0px; padding: 0px 0px 0px 10px; width: 137px; border-bottom-style: dashed; border-bottom-width: 1px; border-bottom-color: rgb(0, 0, 0); height: 40px; line-height: 50px; overflow: hidden; background-image: none !important;&quot;&gt;&lt;a style=&quot;color: rgb(0, 0, 0); text-decoration: none; font-size: 16px; font-family: 微软雅黑;&quot;&gt;企业文化&lt;/a&gt;&lt;/li&gt;\r\n                &lt;li style=&quot;margin: 0px; padding: 0px 0px 0px 10px; width: 137px; border-bottom-style: dashed; border-bottom-width: 1px; border-bottom-color: rgb(0, 0, 0); height: 40px; line-height: 50px; overflow: hidden; background-image: none !important;&quot;&gt;&lt;a style=&quot;color: rgb(0, 0, 0); text-decoration: none; font-size: 16px; font-family: 微软雅黑;&quot;&gt;组织架构&lt;/a&gt;&lt;/li&gt;\r\n                &lt;li style=&quot;margin: 0px; padding: 0px 0px 0px 10px; width: 137px; border-bottom-style: dashed; border-bottom-width: 1px; border-bottom-color: rgb(0, 0, 0); height: 40px; line-height: 50px; overflow: hidden; background-image: none !important;&quot;&gt;&lt;a style=&quot;color: rgb(0, 0, 0); text-decoration: none; font-size: 16px; font-family: 微软雅黑;&quot;&gt;总裁致辞&lt;/a&gt;&lt;/li&gt;\r\n            &lt;/ul&gt;\r\n\r\n            &lt;ul class=&quot;category_ul&quot; style=&quot;margin: 0px; padding-right: 0px; padding-left: 0px; list-style: none; width: 127px;&quot;&gt;\r\n                &lt;li id=&quot;ss_20&quot; style=&quot;margin: 0px; padding: 0px 0px 0px 10px; width: 137px; border-bottom-style: dashed; border-bottom-width: 1px; border-bottom-color: rgb(0, 0, 0); height: 40px; line-height: 50px; background-image: url(http://www.feimao3d.com/Index/Tpl/default/public/images/about_li.jpg); background-position: initial initial; background-repeat: initial initial;&quot;&gt;&lt;a style=&quot;color: rgb(0, 0, 0); font-size: 16px; font-family: 微软雅黑;&quot;&gt;新闻中心&lt;/a&gt;&lt;/li&gt;\r\n            &lt;/ul&gt;\r\n        &lt;/div&gt;\r\n\r\n        &lt;div style=&quot;margin: 0px; padding: 0px; height: 300px;&quot;&gt;&amp;nbsp;&lt;/div&gt;\r\n    &lt;/div&gt;\r\n\r\n    &lt;div class=&quot;jvf_fr help_con&quot; style=&quot;margin: 0px; padding: 0px; float: left; width: 690px; color: rgb(0, 0, 0); font-family: Arial, sans-serif; line-height: normal;&quot;&gt;\r\n\r\n        &lt;h1 style=&quot;margin: 0px; padding: 10px 0px 5px; font-size: 18px; border-bottom-style: solid;\r\n         border-bottom-width: 1px; border-bottom-color: rgb(255, 138, 0); color: rgb(255, 138, 0); font-weight: bold; font-family: 微软雅黑;&quot;&gt;客服中心&lt;/h1&gt;\r\n\r\n        &lt;div class=&quot;article&quot; style=&quot;margin: 0px auto; padding: 10px 0px 15px; line-height: 30px; color: rgb(0, 0, 0); font-family: 微软雅黑; letter-spacing: 3px;&quot;&gt;\r\n            &lt;p style=&quot;margin: 0px; padding: 0px;&quot;&gt;QQ在线：991089892&lt;/p&gt;\r\n\r\n            &lt;p style=&quot;margin: 0px; padding: 0px;&quot;&gt;联系电话：400-888-888&lt;/p&gt;\r\n        &lt;/div&gt;\r\n    &lt;/div&gt;\r\n&lt;/div&gt;\r\n'),(12,2,'联系我们','&lt;div&gt;&amp;nbsp;&lt;/div&gt;\r\n\r\n&lt;div&gt;\r\n    &lt;div class=&quot;jvf_fl jvf_help&quot; style=&quot;margin: 0px 0px 0px 20px; padding: 0px; float: left; width: 242px; color: rgb(0, 0, 0); font-family: Arial, sans-serif; line-height: normal;&quot;&gt;\r\n        &lt;div style=&quot;margin: 0px 0px 0px 40px; padding: 0px; width: 242px; clear: both;&quot;&gt;\r\n            &lt;ul class=&quot;articles_ul&quot; style=&quot;margin: 0px; padding-right: 0px; padding-left: 0px; list-style: none; width: 127px;&quot;&gt;\r\n                &lt;li style=&quot;margin: 0px; padding: 0px 0px 0px 10px; width: 137px; border-bottom-style: dashed; border-bottom-width: 1px; border-bottom-color: rgb(0, 0, 0); height: 40px; line-height: 50px; overflow: hidden; background-image: none !important;&quot;&gt;&lt;a style=&quot;color: rgb(0, 0, 0); text-decoration: none; font-size: 16px; font-family: 微软雅黑;&quot;&gt;公司背景&lt;/a&gt;&lt;/li&gt;\r\n                &lt;li style=&quot;margin: 0px; padding: 0px 0px 0px 10px; width: 137px; border-bottom-style: dashed; border-bottom-width: 1px; border-bottom-color: rgb(0, 0, 0); height: 40px; line-height: 50px; overflow: hidden; background-image: none !important;&quot;&gt;&lt;a style=&quot;color: rgb(0, 0, 0); text-decoration: none; font-size: 16px; font-family: 微软雅黑;&quot;&gt;企业文化&lt;/a&gt;&lt;/li&gt;\r\n                &lt;li style=&quot;margin: 0px; padding: 0px 0px 0px 10px; width: 137px; border-bottom-style: dashed; border-bottom-width: 1px; border-bottom-color: rgb(0, 0, 0); height: 40px; line-height: 50px; overflow: hidden; background-image: none !important;&quot;&gt;&lt;a style=&quot;color: rgb(0, 0, 0); text-decoration: none; font-size: 16px; font-family: 微软雅黑;&quot;&gt;组织架构&lt;/a&gt;&lt;/li&gt;\r\n                &lt;li style=&quot;margin: 0px; padding: 0px 0px 0px 10px; width: 137px; border-bottom-style: dashed; border-bottom-width: 1px; border-bottom-color: rgb(0, 0, 0); height: 40px; line-height: 50px; overflow: hidden; background-image: none !important;&quot;&gt;&lt;a style=&quot;color: rgb(0, 0, 0); text-decoration: none; font-size: 16px; font-family: 微软雅黑;&quot;&gt;总裁致辞&lt;/a&gt;&lt;/li&gt;\r\n            &lt;/ul&gt;\r\n\r\n            &lt;ul class=&quot;category_ul&quot; style=&quot;margin: 0px; padding-right: 0px; padding-left: 0px; list-style: none; width: 127px;&quot;&gt;\r\n                &lt;li id=&quot;ss_20&quot; style=&quot;margin: 0px; padding: 0px 0px 0px 10px; width: 137px; border-bottom-style: dashed; border-bottom-width: 1px; border-bottom-color: rgb(0, 0, 0); height: 40px; line-height: 50px; background-image: url(http://www.feimao3d.com/Index/Tpl/default/public/images/about_li.jpg); background-position: initial initial; background-repeat: initial initial;&quot;&gt;&lt;a style=&quot;color: rgb(0, 0, 0); font-size: 16px; font-family: 微软雅黑;&quot;&gt;新闻中心&lt;/a&gt;&lt;/li&gt;\r\n            &lt;/ul&gt;\r\n        &lt;/div&gt;\r\n\r\n        &lt;div style=&quot;margin: 0px; padding: 0px; height: 300px;&quot;&gt;&amp;nbsp;&lt;/div&gt;\r\n    &lt;/div&gt;\r\n\r\n    &lt;div class=&quot;jvf_fr help_con&quot; style=&quot;margin: 0px; padding: 0px; float: left; width: 690px; color: rgb(0, 0, 0); font-family: Arial, sans-serif; line-height: normal;&quot;&gt;\r\n\r\n        &lt;h1 style=&quot;margin: 0px; padding: 10px 0px 5px; font-size: 18px; border-bottom-style: solid;\r\n         border-bottom-width: 1px; border-bottom-color: rgb(255, 138, 0); color: rgb(255, 138, 0); font-weight: bold; font-family: 微软雅黑;&quot;&gt;联系我们&lt;/h1&gt;\r\n\r\n        &lt;div class=&quot;article&quot; style=&quot;margin: 0px auto; padding: 10px 0px 15px; line-height: 30px; color: rgb(0, 0, 0); font-family: 微软雅黑; letter-spacing: 3px;&quot;&gt;&amp;nbsp;总机：0532-66760298\r\n            &lt;p style=&quot;margin: 0px; padding: 0px;&quot;&gt;&amp;nbsp;&lt;/p&gt;\r\n\r\n            &lt;p style=&quot;margin: 0px; padding: 0px;&quot;&gt;地址：山东省青岛市崂山区株洲路&lt;span style=&quot;margin: 0px; padding: 0px; font-family: \'Times New Roman\';&quot;&gt;190&lt;/span&gt;&lt;span style=&quot;margin: 0px; padding: 0px; font-family: 宋体;&quot;&gt;号&lt;/span&gt;&lt;span style=&quot;margin: 0px; padding: 0px; font-family: \'Times New Roman\';&quot;&gt;506&lt;/span&gt;&lt;span style=&quot;margin: 0px; padding: 0px; font-family: 宋体;&quot;&gt;室&lt;/span&gt;&lt;/p&gt;\r\n\r\n            &lt;p style=&quot;margin: 0px; padding: 0px;&quot;&gt;&amp;nbsp;&lt;/p&gt;\r\n\r\n            &lt;p style=&quot;margin: 0px; padding: 0px;&quot;&gt;信箱：&lt;a href=&quot;mailto:info@feimao3d.com&quot; style=&quot;color: rgb(102, 102, 102); text-decoration: none;&quot;&gt;info@feimao3d.com&lt;/a&gt;&lt;/p&gt;\r\n\r\n            &lt;p style=&quot;margin: 0px; padding: 0px;&quot;&gt;&amp;nbsp;&lt;/p&gt;\r\n\r\n            &lt;p style=&quot;margin: 0px; padding: 0px;&quot;&gt;网址：&lt;a href=&quot;http://www.yichen3d.com/&quot; style=&quot;color: rgb(102, 102, 102); text-decoration: none;&quot;&gt;http://www.yichen3d.com&lt;/a&gt;&lt;/p&gt;\r\n\r\n            &lt;p style=&quot;margin: 0px; padding: 0px;&quot;&gt;&amp;nbsp;&lt;/p&gt;\r\n\r\n            &lt;p style=&quot;margin: 0px; padding: 0px;&quot;&gt;&amp;nbsp;&lt;/p&gt;\r\n\r\n            &lt;p style=&quot;margin: 0px; padding: 0px;&quot;&gt;人事部&lt;/p&gt;\r\n\r\n            &lt;p style=&quot;margin: 0px; padding: 0px;&quot;&gt;&amp;nbsp;&lt;/p&gt;\r\n\r\n            &lt;p style=&quot;margin: 0px; padding: 0px;&quot;&gt;分机：0532-66760298-801&lt;/p&gt;\r\n\r\n            &lt;p style=&quot;margin: 0px; padding: 0px;&quot;&gt;信箱：&lt;a href=&quot;mailto:admin@feimao3d.com&quot; style=&quot;color: rgb(102, 102, 102); text-decoration: none;&quot;&gt;hr@feimao3d.com&lt;/a&gt;&lt;/p&gt;\r\n\r\n            &lt;p style=&quot;margin: 0px; padding: 0px;&quot;&gt;&amp;nbsp;&lt;/p&gt;\r\n\r\n            &lt;p style=&quot;margin: 0px; padding: 0px;&quot;&gt;行政办公室&lt;/p&gt;\r\n\r\n            &lt;p style=&quot;margin: 0px; padding: 0px;&quot;&gt;分机：0532-66760298-804&lt;/p&gt;\r\n\r\n            &lt;p style=&quot;margin: 0px; padding: 0px;&quot;&gt;信箱：&lt;a href=&quot;mailto:admin@feimao3d.com&quot; style=&quot;color: rgb(102, 102, 102); text-decoration: none;&quot;&gt;admin@feimao3d.com&lt;/a&gt;&lt;/p&gt;\r\n\r\n            &lt;p style=&quot;margin: 0px; padding: 0px;&quot;&gt;&amp;nbsp;&lt;/p&gt;\r\n\r\n            &lt;p style=&quot;margin: 0px; padding: 0px;&quot;&gt;市场部&lt;/p&gt;\r\n\r\n            &lt;p style=&quot;margin: 0px; padding: 0px;&quot;&gt;分机：0532-66760298-808&lt;/p&gt;\r\n\r\n            &lt;p style=&quot;margin: 0px; padding: 0px;&quot;&gt;信箱：&lt;a href=&quot;mailto:markert@feimao3d.com&quot; style=&quot;color: rgb(102, 102, 102); text-decoration: none;&quot;&gt;markert@feimao3d.com&lt;/a&gt;&lt;/p&gt;\r\n\r\n            &lt;p style=&quot;margin: 0px; padding: 0px;&quot;&gt;&amp;nbsp;&lt;/p&gt;\r\n\r\n            &lt;p style=&quot;margin: 0px; padding: 0px;&quot;&gt;&amp;nbsp;客服部&lt;/p&gt;\r\n\r\n            &lt;p style=&quot;margin: 0px; padding: 0px;&quot;&gt;分机：0532-66760298-803&lt;/p&gt;\r\n\r\n            &lt;p style=&quot;margin: 0px; padding: 0px;&quot;&gt;信箱：&lt;a href=&quot;mailto:service@feimao3d.com&quot; style=&quot;color: rgb(102, 102, 102); text-decoration: none;&quot;&gt;service@feimao3d.com&lt;/a&gt;&lt;/p&gt;\r\n\r\n            &lt;p style=&quot;margin: 0px; padding: 0px;&quot;&gt;&amp;nbsp;&lt;/p&gt;\r\n\r\n            &lt;p style=&quot;margin: 0px; padding: 0px;&quot;&gt;技术部&lt;/p&gt;\r\n\r\n            &lt;p style=&quot;margin: 0px; padding: 0px;&quot;&gt;分机：0532-66760298-810&lt;/p&gt;\r\n\r\n            &lt;p style=&quot;margin: 0px; padding: 0px;&quot;&gt;信箱：&lt;a href=&quot;mailto:tech@feimao3d.com&quot; style=&quot;color: rgb(102, 102, 102); text-decoration: none;&quot;&gt;tech@feimao3d.com&lt;/a&gt;&lt;/p&gt;\r\n        &lt;/div&gt;\r\n    &lt;/div&gt;\r\n&lt;/div&gt;\r\n'),(12,1,'contact','&lt;h1 style=&quot;margin: 0px; padding: 10px 0px 5px; font-size: 18px; line-height: normal; border-bottom-style: solid; border-bottom-width: 1px; border-bottom-color: rgb(255, 138, 0); color: rgb(255, 138, 0); font-weight: bold; font-family: 微软雅黑;&quot;&gt;公司总部&lt;/h1&gt;\r\n\r\n&lt;div class=&quot;article&quot; style=&quot;margin: 0px auto; padding: 10px 0px 15px; line-height: 30px; color: rgb(0, 0, 0); font-family: 微软雅黑; letter-spacing: 3px;&quot;&gt;&amp;nbsp;总机：0532-66760298\r\n&lt;p style=&quot;margin: 0px; padding: 0px;&quot;&gt;&amp;nbsp;&lt;/p&gt;\r\n\r\n&lt;p style=&quot;margin: 0px; padding: 0px;&quot;&gt;地址：山东省青岛市崂山区株洲路&lt;span style=&quot;margin: 0px; padding: 0px; font-family: \'Times New Roman\';&quot;&gt;190&lt;/span&gt;&lt;span style=&quot;margin: 0px; padding: 0px; font-family: 宋体;&quot;&gt;号&lt;/span&gt;&lt;span style=&quot;margin: 0px; padding: 0px; font-family: \'Times New Roman\';&quot;&gt;506&lt;/span&gt;&lt;span style=&quot;margin: 0px; padding: 0px; font-family: 宋体;&quot;&gt;室&lt;/span&gt;&lt;/p&gt;\r\n\r\n&lt;p style=&quot;margin: 0px; padding: 0px;&quot;&gt;&amp;nbsp;&lt;/p&gt;\r\n\r\n&lt;p style=&quot;margin: 0px; padding: 0px;&quot;&gt;信箱：&lt;a href=&quot;mailto:info@feimao3d.com&quot; style=&quot;color: rgb(102, 102, 102); text-decoration: none;&quot;&gt;info@feimao3d.com&lt;/a&gt;&lt;/p&gt;\r\n\r\n&lt;p style=&quot;margin: 0px; padding: 0px;&quot;&gt;&amp;nbsp;&lt;/p&gt;\r\n\r\n&lt;p style=&quot;margin: 0px; padding: 0px;&quot;&gt;网址：&lt;a href=&quot;http://www.yichen3d.com/&quot; style=&quot;color: rgb(102, 102, 102); text-decoration: none;&quot;&gt;http://www.yichen3d.com&lt;/a&gt;&lt;/p&gt;\r\n\r\n&lt;p style=&quot;margin: 0px; padding: 0px;&quot;&gt;&amp;nbsp;&lt;/p&gt;\r\n\r\n&lt;p style=&quot;margin: 0px; padding: 0px;&quot;&gt;&amp;nbsp;&lt;/p&gt;\r\n\r\n&lt;p style=&quot;margin: 0px; padding: 0px;&quot;&gt;人事部&lt;/p&gt;\r\n\r\n&lt;p style=&quot;margin: 0px; padding: 0px;&quot;&gt;&amp;nbsp;&lt;/p&gt;\r\n\r\n&lt;p style=&quot;margin: 0px; padding: 0px;&quot;&gt;分机：0532-66760298-801&lt;/p&gt;\r\n\r\n&lt;p style=&quot;margin: 0px; padding: 0px;&quot;&gt;信箱：&lt;a href=&quot;mailto:admin@feimao3d.com&quot; style=&quot;color: rgb(102, 102, 102); text-decoration: none;&quot;&gt;hr@feimao3d.com&lt;/a&gt;&lt;/p&gt;\r\n\r\n&lt;p style=&quot;margin: 0px; padding: 0px;&quot;&gt;&amp;nbsp;&lt;/p&gt;\r\n\r\n&lt;p style=&quot;margin: 0px; padding: 0px;&quot;&gt;行政办公室&lt;/p&gt;\r\n\r\n&lt;p style=&quot;margin: 0px; padding: 0px;&quot;&gt;分机：0532-66760298-804&lt;/p&gt;\r\n\r\n&lt;p style=&quot;margin: 0px; padding: 0px;&quot;&gt;信箱：&lt;a href=&quot;mailto:admin@feimao3d.com&quot; style=&quot;color: rgb(102, 102, 102); text-decoration: none;&quot;&gt;admin@feimao3d.com&lt;/a&gt;&lt;/p&gt;\r\n\r\n&lt;p style=&quot;margin: 0px; padding: 0px;&quot;&gt;&amp;nbsp;&lt;/p&gt;\r\n\r\n&lt;p style=&quot;margin: 0px; padding: 0px;&quot;&gt;市场部&lt;/p&gt;\r\n\r\n&lt;p style=&quot;margin: 0px; padding: 0px;&quot;&gt;分机：0532-66760298-808&lt;/p&gt;\r\n\r\n&lt;p style=&quot;margin: 0px; padding: 0px;&quot;&gt;信箱：&lt;a href=&quot;mailto:markert@feimao3d.com&quot; style=&quot;color: rgb(102, 102, 102); text-decoration: none;&quot;&gt;markert@feimao3d.com&lt;/a&gt;&lt;/p&gt;\r\n\r\n&lt;p style=&quot;margin: 0px; padding: 0px;&quot;&gt;&amp;nbsp;&lt;/p&gt;\r\n\r\n&lt;p style=&quot;margin: 0px; padding: 0px;&quot;&gt;&amp;nbsp;客服部&lt;/p&gt;\r\n\r\n&lt;p style=&quot;margin: 0px; padding: 0px;&quot;&gt;分机：0532-66760298-803&lt;/p&gt;\r\n\r\n&lt;p style=&quot;margin: 0px; padding: 0px;&quot;&gt;信箱：&lt;a href=&quot;mailto:service@feimao3d.com&quot; style=&quot;color: rgb(102, 102, 102); text-decoration: none;&quot;&gt;service@feimao3d.com&lt;/a&gt;&lt;/p&gt;\r\n\r\n&lt;p style=&quot;margin: 0px; padding: 0px;&quot;&gt;&amp;nbsp;&lt;/p&gt;\r\n\r\n&lt;p style=&quot;margin: 0px; padding: 0px;&quot;&gt;技术部&lt;/p&gt;\r\n\r\n&lt;p style=&quot;margin: 0px; padding: 0px;&quot;&gt;分机：0532-66760298-810&lt;/p&gt;\r\n\r\n&lt;p style=&quot;margin: 0px; padding: 0px;&quot;&gt;信箱：&lt;a href=&quot;mailto:tech@feimao3d.com&quot; style=&quot;color: rgb(102, 102, 102); text-decoration: none;&quot;&gt;tech@feimao3d.com&lt;/a&gt;&lt;/p&gt;\r\n&lt;/div&gt;\r\n'),(4,2,'关于我们','&lt;div&gt;&amp;nbsp;&lt;/div&gt;\r\n\r\n&lt;div&gt;\r\n&lt;div class=&quot;jvf_fl jvf_help&quot; style=&quot;margin: 0px 0px 0px 20px; padding: 0px; float: left; width: 242px; color: rgb(0, 0, 0); font-family: Arial, sans-serif; line-height: normal;&quot;&gt;\r\n&lt;div style=&quot;margin: 0px 0px 0px 40px; padding: 0px; width: 242px; clear: both;&quot;&gt;\r\n&lt;ul class=&quot;articles_ul&quot; style=&quot;margin: 0px; padding-right: 0px; padding-left: 0px; list-style: none; width: 127px;&quot;&gt;\r\n	&lt;li style=&quot;margin: 0px; padding: 0px 0px 0px 10px; width: 137px; border-bottom-style: dashed; border-bottom-width: 1px; border-bottom-color: rgb(0, 0, 0); height: 40px; line-height: 50px; overflow: hidden; background-image: none !important;&quot;&gt;&lt;a style=&quot;color: rgb(0, 0, 0); text-decoration: none; font-size: 16px; font-family: 微软雅黑;&quot;&gt;公司背景&lt;/a&gt;&lt;/li&gt;\r\n	&lt;li style=&quot;margin: 0px; padding: 0px 0px 0px 10px; width: 137px; border-bottom-style: dashed; border-bottom-width: 1px; border-bottom-color: rgb(0, 0, 0); height: 40px; line-height: 50px; overflow: hidden; background-image: none !important;&quot;&gt;&lt;astyle=&quot;color: rgb(0, 0, 0); text-decoration: none; font-size: 16px; font-family: 微软雅黑;&quot;&gt;企业文化&lt;/a&gt;&lt;/li&gt;\r\n	&lt;li style=&quot;margin: 0px; padding: 0px 0px 0px 10px; width: 137px; border-bottom-style: dashed; border-bottom-width: 1px; border-bottom-color: rgb(0, 0, 0); height: 40px; line-height: 50px; overflow: hidden; background-image: none !important;&quot;&gt;&lt;a style=&quot;color: rgb(0, 0, 0); text-decoration: none; font-size: 16px; font-family: 微软雅黑;&quot;&gt;组织架构&lt;/a&gt;&lt;/li&gt;\r\n	&lt;li style=&quot;margin: 0px; padding: 0px 0px 0px 10px; width: 137px; border-bottom-style: dashed; border-bottom-width: 1px; border-bottom-color: rgb(0, 0, 0); height: 40px; line-height: 50px; overflow: hidden; background-image: none !important;&quot;&gt;&lt;a style=&quot;color: rgb(0, 0, 0); text-decoration: none; font-size: 16px; font-family: 微软雅黑;&quot;&gt;总裁致辞&lt;/a&gt;&lt;/li&gt;\r\n&lt;/ul&gt;\r\n\r\n&lt;ul class=&quot;category_ul&quot; style=&quot;margin: 0px; padding-right: 0px; padding-left: 0px; list-style: none; width: 127px;&quot;&gt;\r\n	&lt;li id=&quot;ss_20&quot; style=&quot;margin: 0px; padding: 0px 0px 0px 10px; width: 137px; border-bottom-style: dashed; border-bottom-width: 1px; border-bottom-color: rgb(0, 0, 0); height: 40px; line-height: 50px; background-image: url(http://www.feimao3d.com/Index/Tpl/default/public/images/about_li.jpg); background-position: initial initial; background-repeat: initial initial;&quot;&gt;&lt;a style=&quot;color: rgb(0, 0, 0); font-size: 16px; font-family: 微软雅黑;&quot;&gt;新闻中心&lt;/a&gt;&lt;/li&gt;\r\n&lt;/ul&gt;\r\n&lt;/div&gt;\r\n\r\n&lt;div style=&quot;margin: 0px; padding: 0px; height: 300px;&quot;&gt;&amp;nbsp;&lt;/div&gt;\r\n&lt;/div&gt;\r\n\r\n&lt;div class=&quot;jvf_fr help_con&quot; style=&quot;margin: 0px; padding: 0px; float: left; width: 690px; color: rgb(0, 0, 0); font-family: Arial, sans-serif; line-height: normal;&quot;&gt;\r\n&lt;h1 style=&quot;margin: 0px; padding: 10px 0px 5px; font-size: 18px; border-bottom-style: solid; border-bottom-width: 1px; border-bottom-color: rgb(255, 138, 0); color: rgb(255, 138, 0); font-weight: bold; font-family: 微软雅黑;&quot;&gt;总裁致辞&lt;/h1&gt;\r\n\r\n&lt;div class=&quot;article&quot; style=&quot;margin: 0px auto; padding: 10px 0px 15px; line-height: 30px; font-family: 微软雅黑; letter-spacing: 3px;&quot;&gt;\r\n&lt;p style=&quot;margin: 0px; padding: 0px;&quot;&gt;&lt;span style=&quot;margin: 0px; padding: 0px; font-size: 16px;&quot;&gt;&lt;span style=&quot;margin: 0px; padding: 0px; color: rgb(51, 51, 51);&quot;&gt;&lt;span style=&quot;margin: 0px; padding: 0px; font-family: \'Microsoft YaHei\';&quot;&gt;&lt;img alt=&quot;/&quot; src=&quot;http://www.feimao3d.com/Public/upload/img/attachment/5344a6ef98968.jpg&quot; style=&quot;border: none; max-width: 745px;&quot; /&gt;&lt;/span&gt;&lt;/span&gt;&lt;/span&gt;&lt;/p&gt;\r\n\r\n&lt;h6 style=&quot;margin: 0px; padding: 0px; font-size: 12px;&quot;&gt;&lt;span style=&quot;margin: 0px; padding: 0px; font-size: 16px;&quot;&gt;&lt;span style=&quot;margin: 0px; padding: 0px; color: rgb(51, 51, 51);&quot;&gt;&lt;span style=&quot;margin: 0px; padding: 0px; font-family: \'Microsoft YaHei\';&quot;&gt;&lt;span style=&quot;margin: 0px; padding: 0px;&quot;&gt;尊敬的各界人士、女士们/先生们：&lt;/span&gt;&lt;br /&gt;\r\n&lt;span style=&quot;margin: 0px; padding: 0px;&quot;&gt;&amp;nbsp; &amp;nbsp; &amp;nbsp;您们好！&lt;/span&gt;&lt;/span&gt;&lt;/span&gt;&lt;/span&gt;&lt;/h6&gt;\r\n\r\n&lt;p style=&quot;margin: 0px; padding: 0px;&quot;&gt;&lt;span style=&quot;margin: 0px; padding: 0px; font-size: 16px;&quot;&gt;&lt;span style=&quot;margin: 0px; padding: 0px; color: rgb(51, 51, 51);&quot;&gt;&lt;span style=&quot;margin: 0px; padding: 0px; font-family: \'Microsoft YaHei\';&quot;&gt;&amp;nbsp; &amp;nbsp; &amp;nbsp;经过本公司全体同仁的艰苦努力，全国首家3D打印加工公共服务平台——肥猫3D网终于上线了！在此，请允许我，代表公司全体职工向社会各界关心和帮助我们的朋友，表示衷心地感谢！&lt;/span&gt;&lt;/span&gt;&lt;/span&gt;&lt;/p&gt;\r\n\r\n&lt;p style=&quot;margin: 0px; padding: 0px;&quot;&gt;&lt;span style=&quot;margin: 0px; padding: 0px; font-size: 16px;&quot;&gt;&lt;span style=&quot;margin: 0px; padding: 0px; color: rgb(51, 51, 51);&quot;&gt;&lt;span style=&quot;margin: 0px; padding: 0px; font-family: \'Microsoft YaHei\';&quot;&gt;&lt;span style=&quot;margin: 0px; padding: 0px;&quot;&gt;&amp;nbsp; &amp;nbsp; &amp;nbsp;&lt;/span&gt;众所周知，我们已经进入3D打印时代。3D打印技术突飞猛进，日新月异，不仅在工业领域得到广泛应用，而且走进我们的日常生活，改变着我们的生活方式和态度。3D打印技术创造出私人订制和个人创造的巨大市场，成为引领新时代的旗帜。肥猫3D网将线下的3D打印加工服务变成线上的，使远程3D打印加工服务成为可能，是互联网与3D打印技术的完美结合。020的商业运行模式将发挥巨大能量，激发出人们的创造热情，并成为人们将梦想变成现实的生活体验。中国梦是由我们每个中国人的梦想所组成的，而每个中国人的创造梦想是经过我们肥猫3D网线上打印加工公共服务平台实现的。如果您有创造的梦想，就来我们的肥猫3D网，这里就是您的创造之家，实现创造梦想的工作室。&lt;/span&gt;&lt;/span&gt;&lt;/span&gt;&lt;/p&gt;\r\n\r\n&lt;p style=&quot;margin: 0px; padding: 0px;&quot;&gt;&lt;span style=&quot;margin: 0px; padding: 0px; font-size: 16px;&quot;&gt;&lt;span style=&quot;margin: 0px; padding: 0px; color: rgb(51, 51, 51);&quot;&gt;&lt;span style=&quot;margin: 0px; padding: 0px; font-family: \'Microsoft YaHei\';&quot;&gt;&lt;span style=&quot;margin: 0px; padding: 0px;&quot;&gt;&amp;nbsp; &amp;nbsp; &amp;nbsp;&lt;/span&gt;肥猫3D网的线上打印加工服务简单便捷，经过短短的五个步骤就可以完成。只要您手边有一台电脑，有一部手机，就可以上传模型或照片，我们将为您制作3D模型，打印产品，并快递到您的手边。肥猫3D网拥有一大批全国和国际顶尖的模型设计师和模型加工师，只要您有图片和实物，哪怕是一个想法，我们的模型师就可以制作出您满意的模型，实现您的创造梦想。肥猫3D网在全国各地设有线下3D打印工作室，各式各样的3D打印机应有尽有，最大限度地制造出您想要的产品，满足您对产品多项指标要求。只要您想到，我们就帮您做到。您的创意，您的想法，您的图片，您的实物，在肥猫3D网的世界里都会变成实实在在的3D打印产品。&lt;/span&gt;&lt;/span&gt;&lt;/span&gt;&lt;/p&gt;\r\n\r\n&lt;p style=&quot;margin: 0px; padding: 0px;&quot;&gt;&lt;span style=&quot;margin: 0px; padding: 0px; font-size: 16px;&quot;&gt;&lt;span style=&quot;margin: 0px; padding: 0px; color: rgb(51, 51, 51);&quot;&gt;&lt;span style=&quot;margin: 0px; padding: 0px; font-family: \'Microsoft YaHei\';&quot;&gt;&lt;span style=&quot;margin: 0px; padding: 0px;&quot;&gt;&amp;nbsp; &amp;nbsp; &amp;nbsp;&lt;/span&gt;肥猫3D网的服务宗旨是“梦想至上，创造第一”。我们时刻将您的创造需求牢记在心，为实现您的创造梦想，尽心竭力！请与我们一起，走进3D创造时代。我们的产品是唯一的，我们的服务更是唯一的。“唯一”就是我们时代的标志！&lt;/span&gt;&lt;/span&gt;&lt;/span&gt;&lt;/p&gt;\r\n\r\n&lt;p style=&quot;margin: 0px; padding: 0px;&quot;&gt;&lt;span style=&quot;margin: 0px; padding: 0px; font-size: 16px;&quot;&gt;&lt;span style=&quot;margin: 0px; padding: 0px; color: rgb(51, 51, 51);&quot;&gt;&lt;span style=&quot;margin: 0px; padding: 0px; font-family: \'Microsoft YaHei\';&quot;&gt;&amp;nbsp;&lt;/span&gt;&lt;/span&gt;&lt;/span&gt;&lt;/p&gt;\r\n\r\n&lt;p style=&quot;margin: 0px; padding: 0px;&quot;&gt;&lt;span style=&quot;margin: 0px; padding: 0px; font-family: \'Microsoft YaHei\';&quot;&gt;&lt;span style=&quot;margin: 0px; padding: 0px; font-size: 16px;&quot;&gt;&lt;span style=&quot;margin: 0px; padding: 0px; color: rgb(51, 51, 51);&quot;&gt;此致&lt;/span&gt;&lt;/span&gt;&lt;span style=&quot;margin: 0px; padding: 0px; color: rgb(51, 51, 51); font-size: 16px;&quot;&gt;&amp;nbsp; &amp;nbsp; &amp;nbsp; &amp;nbsp; &amp;nbsp; &amp;nbsp; &amp;nbsp; &amp;nbsp; &amp;nbsp; &amp;nbsp; &amp;nbsp; &amp;nbsp; &amp;nbsp; &amp;nbsp; &amp;nbsp; &amp;nbsp; &amp;nbsp; &amp;nbsp; &amp;nbsp; &amp;nbsp; &amp;nbsp; &amp;nbsp; &amp;nbsp; &amp;nbsp; &amp;nbsp; &amp;nbsp; &amp;nbsp; &amp;nbsp; &amp;nbsp; &amp;nbsp; &amp;nbsp; &amp;nbsp; &amp;nbsp; &amp;nbsp; &amp;nbsp; &amp;nbsp; &amp;nbsp; &amp;nbsp; &amp;nbsp; &amp;nbsp; &amp;nbsp; &amp;nbsp; &amp;nbsp; &amp;nbsp; &amp;nbsp; &amp;nbsp; &amp;nbsp; &amp;nbsp; &amp;nbsp; &amp;nbsp; &amp;nbsp; &amp;nbsp; &amp;nbsp; &amp;nbsp; &amp;nbsp; &amp;nbsp; &amp;nbsp; &amp;nbsp; &amp;nbsp; &amp;nbsp; &amp;nbsp; &amp;nbsp; &amp;nbsp; &amp;nbsp; &amp;nbsp; &amp;nbsp; &amp;nbsp; &amp;nbsp; &amp;nbsp; &amp;nbsp; &amp;nbsp; &amp;nbsp; &amp;nbsp; &amp;nbsp; &amp;nbsp; &amp;nbsp; &amp;nbsp; &amp;nbsp; &amp;nbsp; &amp;nbsp; &amp;nbsp; &amp;nbsp; &amp;nbsp; &amp;nbsp; &amp;nbsp; &amp;nbsp; &amp;nbsp; &amp;nbsp; &amp;nbsp; &amp;nbsp; &amp;nbsp; &amp;nbsp; &amp;nbsp; &amp;nbsp; &amp;nbsp; &amp;nbsp; &amp;nbsp; &amp;nbsp; &amp;nbsp; &amp;nbsp; 敬礼&lt;/span&gt;&lt;/span&gt;&lt;/p&gt;\r\n\r\n&lt;p style=&quot;margin: 0px; padding: 0px;&quot;&gt;&amp;nbsp;&lt;/p&gt;\r\n\r\n&lt;p style=&quot;margin: 0px; padding: 0px;&quot;&gt;&lt;span style=&quot;margin: 0px; padding: 0px; font-size: 16px;&quot;&gt;&lt;span style=&quot;margin: 0px; padding: 0px; color: rgb(51, 51, 51);&quot;&gt;&lt;span style=&quot;margin: 0px; padding: 0px; font-family: \'Microsoft YaHei\';&quot;&gt;李磊总裁&lt;/span&gt;&lt;/span&gt;&lt;/span&gt;&lt;/p&gt;\r\n\r\n&lt;p style=&quot;margin: 0px; padding: 0px;&quot;&gt;&lt;span style=&quot;margin: 0px; padding: 0px; color: rgb(51, 51, 51); font-size: 16px;&quot;&gt;&lt;span style=&quot;margin: 0px; padding: 0px; font-family: \'Microsoft YaHei\';&quot;&gt;签字：&lt;/span&gt;&lt;/span&gt;&lt;/p&gt;\r\n&lt;/div&gt;\r\n&lt;/div&gt;\r\n&lt;/div&gt;\r\n'),(8,2,'加入我们','&lt;div&gt;&amp;nbsp;&lt;/div&gt;\r\n\r\n&lt;div&gt;\r\n    &lt;div class=&quot;jvf_fl jvf_help&quot; style=&quot;margin: 0px 0px 0px 20px; padding: 0px; float: left; width: 242px; color: rgb(0, 0, 0); font-family: Arial, sans-serif; line-height: normal;&quot;&gt;\r\n        &lt;div style=&quot;margin: 0px 0px 0px 40px; padding: 0px; width: 242px; clear: both;&quot;&gt;\r\n            &lt;ul class=&quot;articles_ul&quot; style=&quot;margin: 0px; padding-right: 0px; padding-left: 0px; list-style: none; width: 127px;&quot;&gt;\r\n                &lt;li style=&quot;margin: 0px; padding: 0px 0px 0px 10px; width: 137px; border-bottom-style: dashed; border-bottom-width: 1px; border-bottom-color: rgb(0, 0, 0); height: 40px; line-height: 50px; overflow: hidden; background-image: none !important;&quot;&gt;&lt;a style=&quot;color: rgb(0, 0, 0); text-decoration: none; font-size: 16px; font-family: 微软雅黑;&quot;&gt;公司背景&lt;/a&gt;&lt;/li&gt;\r\n                &lt;li style=&quot;margin: 0px; padding: 0px 0px 0px 10px; width: 137px; border-bottom-style: dashed; border-bottom-width: 1px; border-bottom-color: rgb(0, 0, 0); height: 40px; line-height: 50px; overflow: hidden; background-image: none !important;&quot;&gt;&lt;a style=&quot;color: rgb(0, 0, 0); text-decoration: none; font-size: 16px; font-family: 微软雅黑;&quot;&gt;企业文化&lt;/a&gt;&lt;/li&gt;\r\n                &lt;li style=&quot;margin: 0px; padding: 0px 0px 0px 10px; width: 137px; border-bottom-style: dashed; border-bottom-width: 1px; border-bottom-color: rgb(0, 0, 0); height: 40px; line-height: 50px; overflow: hidden; background-image: none !important;&quot;&gt;&lt;a style=&quot;color: rgb(0, 0, 0); text-decoration: none; font-size: 16px; font-family: 微软雅黑;&quot;&gt;组织架构&lt;/a&gt;&lt;/li&gt;\r\n                &lt;li style=&quot;margin: 0px; padding: 0px 0px 0px 10px; width: 137px; border-bottom-style: dashed; border-bottom-width: 1px; border-bottom-color: rgb(0, 0, 0); height: 40px; line-height: 50px; overflow: hidden; background-image: none !important;&quot;&gt;&lt;a style=&quot;color: rgb(0, 0, 0); text-decoration: none; font-size: 16px; font-family: 微软雅黑;&quot;&gt;总裁致辞&lt;/a&gt;&lt;/li&gt;\r\n            &lt;/ul&gt;\r\n\r\n            &lt;ul class=&quot;category_ul&quot; style=&quot;margin: 0px; padding-right: 0px; padding-left: 0px; list-style: none; width: 127px;&quot;&gt;\r\n                &lt;li id=&quot;ss_20&quot; style=&quot;margin: 0px; padding: 0px 0px 0px 10px; width: 137px; border-bottom-style: dashed; border-bottom-width: 1px; border-bottom-color: rgb(0, 0, 0); height: 40px; line-height: 50px; background-image: url(http://www.feimao3d.com/Index/Tpl/default/public/images/about_li.jpg); background-position: initial initial; background-repeat: initial initial;&quot;&gt;&lt;a style=&quot;color: rgb(0, 0, 0); font-size: 16px; font-family: 微软雅黑;&quot;&gt;新闻中心&lt;/a&gt;&lt;/li&gt;\r\n            &lt;/ul&gt;\r\n        &lt;/div&gt;\r\n\r\n        &lt;div style=&quot;margin: 0px; padding: 0px; height: 300px;&quot;&gt;&amp;nbsp;&lt;/div&gt;\r\n    &lt;/div&gt;\r\n\r\n    &lt;div class=&quot;jvf_fr help_con&quot; style=&quot;margin: 0px; padding: 0px; float: left; width: 690px; color: rgb(0, 0, 0); font-family: Arial, sans-serif; line-height: normal;&quot;&gt;\r\n\r\n        &lt;h1 style=&quot;margin: 0px; padding: 10px 0px 5px; font-size: 18px; border-bottom-style: solid;\r\n         border-bottom-width: 1px; border-bottom-color: rgb(255, 138, 0); color: rgb(255, 138, 0); font-weight: bold; font-family: 微软雅黑;&quot;&gt;招聘信息&lt;/h1&gt;\r\n        &lt;div class=&quot;article&quot; style=&quot;font-family:\'微软雅黑\'; line-height:30px; letter-spacing:3px;&quot;&gt;&lt;/div&gt;\r\n    &lt;/div&gt;\r\n&lt;/div&gt;\r\n'),(8,1,'Join us','&lt;h1 style=&quot;margin: 0px; padding: 10px 0px 5px; font-size: 18px; line-height: normal; border-bottom-style: solid; border-bottom-width: 1px; border-bottom-color: rgb(255, 138, 0); color: rgb(255, 138, 0); font-weight: bold; font-family: 微软雅黑;&quot;&gt;招聘信息&lt;/h1&gt;\r\n'),(9,2,'肥猫学院','&lt;div&gt;&amp;nbsp;&lt;/div&gt;\r\n\r\n&lt;div&gt;\r\n    &lt;div class=&quot;jvf_fl jvf_help&quot; style=&quot;margin: 0px 0px 0px 20px; padding: 0px; float: left; width: 242px; color: rgb(0, 0, 0); font-family: Arial, sans-serif; line-height: normal;&quot;&gt;\r\n        &lt;div style=&quot;margin: 0px 0px 0px 40px; padding: 0px; width: 242px; clear: both;&quot;&gt;\r\n            &lt;ul class=&quot;articles_ul&quot; style=&quot;margin: 0px; padding-right: 0px; padding-left: 0px; list-style: none; width: 127px;&quot;&gt;\r\n                &lt;li style=&quot;margin: 0px; padding: 0px 0px 0px 10px; width: 137px; border-bottom-style: dashed; border-bottom-width: 1px; border-bottom-color: rgb(0, 0, 0); height: 40px; line-height: 50px; overflow: hidden; background-image: none !important;&quot;&gt;&lt;a style=&quot;color: rgb(0, 0, 0); text-decoration: none; font-size: 16px; font-family: 微软雅黑;&quot;&gt;公司背景&lt;/a&gt;&lt;/li&gt;\r\n                &lt;li style=&quot;margin: 0px; padding: 0px 0px 0px 10px; width: 137px; border-bottom-style: dashed; border-bottom-width: 1px; border-bottom-color: rgb(0, 0, 0); height: 40px; line-height: 50px; overflow: hidden; background-image: none !important;&quot;&gt;&lt;a style=&quot;color: rgb(0, 0, 0); text-decoration: none; font-size: 16px; font-family: 微软雅黑;&quot;&gt;企业文化&lt;/a&gt;&lt;/li&gt;\r\n                &lt;li style=&quot;margin: 0px; padding: 0px 0px 0px 10px; width: 137px; border-bottom-style: dashed; border-bottom-width: 1px; border-bottom-color: rgb(0, 0, 0); height: 40px; line-height: 50px; overflow: hidden; background-image: none !important;&quot;&gt;&lt;a style=&quot;color: rgb(0, 0, 0); text-decoration: none; font-size: 16px; font-family: 微软雅黑;&quot;&gt;组织架构&lt;/a&gt;&lt;/li&gt;\r\n                &lt;li style=&quot;margin: 0px; padding: 0px 0px 0px 10px; width: 137px; border-bottom-style: dashed; border-bottom-width: 1px; border-bottom-color: rgb(0, 0, 0); height: 40px; line-height: 50px; overflow: hidden; background-image: none !important;&quot;&gt;&lt;a style=&quot;color: rgb(0, 0, 0); text-decoration: none; font-size: 16px; font-family: 微软雅黑;&quot;&gt;总裁致辞&lt;/a&gt;&lt;/li&gt;\r\n            &lt;/ul&gt;\r\n\r\n            &lt;ul class=&quot;category_ul&quot; style=&quot;margin: 0px; padding-right: 0px; padding-left: 0px; list-style: none; width: 127px;&quot;&gt;\r\n                &lt;li id=&quot;ss_20&quot; style=&quot;margin: 0px; padding: 0px 0px 0px 10px; width: 137px; border-bottom-style: dashed; border-bottom-width: 1px; border-bottom-color: rgb(0, 0, 0); height: 40px; line-height: 50px; background-image: url(http://www.feimao3d.com/Index/Tpl/default/public/images/about_li.jpg); background-position: initial initial; background-repeat: initial initial;&quot;&gt;&lt;a style=&quot;color: rgb(0, 0, 0); font-size: 16px; font-family: 微软雅黑;&quot;&gt;新闻中心&lt;/a&gt;&lt;/li&gt;\r\n            &lt;/ul&gt;\r\n        &lt;/div&gt;\r\n\r\n        &lt;div style=&quot;margin: 0px; padding: 0px; height: 300px;&quot;&gt;&amp;nbsp;&lt;/div&gt;\r\n    &lt;/div&gt;\r\n\r\n    &lt;div class=&quot;jvf_fr help_con&quot; style=&quot;margin: 0px; padding: 0px; float: left; width: 690px; color: rgb(0, 0, 0); font-family: Arial, sans-serif; line-height: normal;&quot;&gt;\r\n\r\n        &lt;h1 style=&quot;margin: 0px; padding: 10px 0px 5px; font-size: 18px; border-bottom-style: solid;\r\n         border-bottom-width: 1px; border-bottom-color: rgb(255, 138, 0); color: rgb(255, 138, 0); font-weight: bold; font-family: 微软雅黑;&quot;&gt;招生简章&lt;/h1&gt;\r\n        &lt;div class=&quot;article&quot; style=&quot;font-family:\'微软雅黑\'; line-height:30px; letter-spacing:3px;&quot;&gt;&lt;/div&gt;\r\n    &lt;/div&gt;\r\n&lt;/div&gt;\r\n'),(11,1,'service','&lt;h1 style=&quot;margin: 0px; padding: 10px 0px 5px; font-size: 18px; line-height: normal; border-bottom-style: solid; border-bottom-width: 1px; border-bottom-color: rgb(255, 138, 0); color: rgb(255, 138, 0); font-weight: bold; font-family: 微软雅黑;&quot;&gt;客服中心&lt;/h1&gt;\r\n\r\n&lt;div class=&quot;article&quot; style=&quot;margin: 0px auto; padding: 10px 0px 15px; line-height: 30px; color: rgb(0, 0, 0); font-family: 微软雅黑; letter-spacing: 3px;&quot;&gt;\r\n&lt;p style=&quot;margin: 0px; padding: 0px;&quot;&gt;QQ在线：991089892&lt;/p&gt;\r\n\r\n&lt;p style=&quot;margin: 0px; padding: 0px;&quot;&gt;联系电话：400-888-888&lt;/p&gt;\r\n&lt;/div&gt;\r\n'),(10,1,'branch','&lt;h1 style=&quot;font-weight: bold; line-height: normal; margin: 0px; padding: 10px 0px 5px; font-size: 18px; border-bottom-style: solid; border-bottom-width: 1px; border-bottom-color: rgb(255, 138, 0); color: rgb(255, 138, 0); font-family: 微软雅黑;&quot;&gt;分支机构&lt;/h1&gt;\r\n\r\n&lt;div class=&quot;article&quot; style=&quot;font-size: 13px; margin: 0px auto; padding: 10px 0px 15px; line-height: 30px; color: rgb(0, 0, 0); font-family: 微软雅黑; letter-spacing: 3px;&quot;&gt;\r\n&lt;p style=&quot;margin: 0px; padding: 0px;&quot;&gt;肥猫3D网面向全国承揽3D打印加工业务，需要在全国各地设立分支机构，负责协调当地委托加工业务，及时处理工作中出现各种问题和售后服务，并且负责当地的市场宣传和推广工作，以及连锁加盟工作室的协调工作。有意开办分支机构的单位和个人，请与本公司项目部联系。详情可致电：&amp;nbsp;&amp;nbsp;&amp;nbsp;&amp;nbsp;&amp;nbsp;&amp;nbsp;&amp;nbsp;&amp;nbsp;QQ：&amp;nbsp;&amp;nbsp;&amp;nbsp;&amp;nbsp;&amp;nbsp;&amp;nbsp;&amp;nbsp;联系人：&lt;/p&gt;\r\n&lt;/div&gt;\r\n');

/*Table structure for table `fm_information_to_layout` */

DROP TABLE IF EXISTS `fm_information_to_layout`;

CREATE TABLE `fm_information_to_layout` (
  `information_id` int(11) NOT NULL,
  `store_id` int(11) NOT NULL,
  `layout_id` int(11) NOT NULL,
  PRIMARY KEY (`information_id`,`store_id`)
) ENGINE=MyISAM DEFAULT CHARSET=utf8;

/*Data for the table `fm_information_to_layout` */

/*Table structure for table `fm_information_to_store` */

DROP TABLE IF EXISTS `fm_information_to_store`;

CREATE TABLE `fm_information_to_store` (
  `information_id` int(11) NOT NULL,
  `store_id` int(11) NOT NULL,
  PRIMARY KEY (`information_id`,`store_id`)
) ENGINE=MyISAM DEFAULT CHARSET=utf8;

/*Data for the table `fm_information_to_store` */

insert  into `fm_information_to_store`(`information_id`,`store_id`) values (3,0),(4,0),(5,0),(6,0),(7,0),(8,0),(9,0),(10,0),(11,0),(12,0);

/*Table structure for table `fm_url_alias` */

DROP TABLE IF EXISTS `fm_url_alias`;

CREATE TABLE `fm_url_alias` (
  `url_alias_id` int(11) NOT NULL AUTO_INCREMENT,
  `query` varchar(255) NOT NULL,
  `keyword` varchar(255) NOT NULL,
  PRIMARY KEY (`url_alias_id`)
) ENGINE=MyISAM AUTO_INCREMENT=799 DEFAULT CHARSET=utf8;

/*Data for the table `fm_url_alias` */

insert  into `fm_url_alias`(`url_alias_id`,`query`,`keyword`) values (704,'product_id=48','ipod_classic'),(773,'category_id=20','desktops'),(503,'category_id=26','pc'),(505,'category_id=27','mac'),(730,'manufacturer_id=8','apple'),(788,'information_id=4','about_us'),(768,'product_id=42','test'),(767,'category_id=34','mp3-players'),(536,'category_id=36','Normal'),(780,'information_id=7','hall'),(795,'information_id=8','join'),(794,'information_id=9','college'),(798,'information_id=10','branch'),(796,'information_id=11','service'),(797,'information_id=12','contact');

/*!40101 SET SQL_MODE=@OLD_SQL_MODE */;
/*!40014 SET FOREIGN_KEY_CHECKS=@OLD_FOREIGN_KEY_CHECKS */;
/*!40014 SET UNIQUE_CHECKS=@OLD_UNIQUE_CHECKS */;
/*!40111 SET SQL_NOTES=@OLD_SQL_NOTES */;
